,Unnamed: 0,raw_anchors,labels,link2,sub_titles
0,0,"<a data-component=""byLineDefault"" data-ordinal=""1"" data-source=""Bio"" data-type=""authorName"" href=""http://jobsearch.about.com/bio/Alison-Doyle-2335.htm"" rel=""author"">Alison Doyle</a>",nan,http://jobsearch.about.com/bio/Alison-Doyle-2335.htm rel=author,nan
1,1,"<a data-component=""link"" data-ordinal=""1"" data-source=""inlineLink"" data-type=""internalLink"" href=""http://jobsearch.about.com/od/job-title-samples/a/accounting-job-titles.htm"">Accounting</a>",Accounting,http://jobsearch.about.com/od/job-title-samples/a/accounting-job-titles.htm,Accountant Accounting Administration Administrator Advisor Analysis Analyst Assistant Assurance Audit Auditor Bookkeeper Budget Bursar Cash Certified Chief Clerk Compliance Contracts Controller Corporate Cost Cycle Director Environmental Finance Financial Forensic General Gift Government Grants Industrial Information Institutional Internal Leader Management Manager Managerial Officer Operations Payroll Planner Planning President Private Program Public Revenue Senior Services Specialist Staff Strategic Supervisor Tax Technology Vice and of
2,2,"<a data-component=""link"" data-ordinal=""2"" data-source=""inlineLink"" data-type=""internalLink"" href=""http://jobsearch.about.com/od/job-title-samples/a/admin-job-titles.htm"">Administrative</a>",Administrative,http://jobsearch.about.com/od/job-title-samples/a/admin-job-titles.htm,Administrative Administrator Analyst Assistant Billing Bookkeeper Clerk Client Contract Coordinator Credit Data Director Entry Equipment Events Executive Facility File General Human Information Leader Legal Mail Management Manager Medical Office Officer Operator Processor Program Programs Receptionist Records Relations Resources Secretary Senior Services Special Specialist Staff Supervisor Support Typist Virtual Word
3,3,"<a data-component=""link"" data-ordinal=""3"" data-source=""inlineLink"" data-type=""internalLink"" href=""http://jobsearch.about.com/od/job-titles/a/advertising-job-titles.htm"">Advertising</a>",nan,http://jobsearch.about.com/od/job-titles/a/advertising-job-titles.htm,nan
4,4,"<a data-component=""link"" data-ordinal=""4"" data-source=""inlineLink"" data-type=""internalLink"" href=""http://jobsearch.about.com/od/job-title-samples/fl/airline-industry-jobs.htm"">Airline</a>",Airline,http://jobsearch.about.com/od/job-title-samples/fl/airline-industry-jobs.htm,Account Accounting Agent Agents Aircraft Airline Airport Analyst Appearance Architect Asset Assistant Assurance Attendant Attorney Auditor Aviation Avionics Baggage Base Business Captain Cargo Catering Change/Deployment Cleaning Club Co Commercial Communications Configuration Consultant Coordinator Corporate Crew Cruise Customer Director Dispatcher Electrician Engineer Equipment Event Events Executive Export Financial First Flight Food Gate Ground Handler Human IT In Infrastructure Inside Inspector Instructor Intelligence Logistics Maintenance Management Manager Manger Marketing Mechanic Metal Metrics Multilingual Officer Operations Operator Passenger Pilot Principal Product Program Project Provisioning Quality Ramp Receiving Recruiter Refueler Relations Reporting Representative Reservations Resources Revenue Safety Sales Schedulers Scheduling Security Senior Service Services Sheet Solution Specialist Specialty Staff Station Structures Supervisor Support Systems Technician Technology Ticket Trainee Training Transport Travel Utility Warehouse/Equipment Wheelchair Yield agent and of
5,5,"<a data-component=""link"" data-ordinal=""5"" data-source=""inlineLink"" data-type=""internalLink"" href=""http://jobsearch.about.com/od/job-title-samples/fl/animal-job-titles.htm"">Animal</a>",Animal,http://jobsearch.about.com/od/job-title-samples/fl/animal-job-titles.htm,Admissions Animal Apprenticeship Assistant Associate Attendant Attorney Barn Biological Biologist Bird Campaign Care Care/Imaging Caregiver Caretaker Cashier Center Client Conservation Control Coordinator Courier Curator Daycare Department Director Dog Doggie Educator Experience Farm Field Fish Fundraiser Grazing Groom Groomer Grooming Handler Health Hospital Husbandry Intern Keeper Kennel Laborer Large Lobbyist Management Manager Marine Naturalist Nuisance Nutrition Operations Park Pet Ranger Receptionist Registrar Rehabilitation Rehabilitator Representative Resource Restraint Rights Sanctuary Science Service Services Shelter Shift Sitter Specialist Store Supervisor Technician Therapist Trainee Trainer Veterinarian Veterinary Walker Welfare Wildlife Zoo Zookeeper Zoologist and of
6,6,"<a data-component=""link"" data-ordinal=""6"" data-source=""inlineLink"" data-type=""internalLink"" href=""http://jobsearch.about.com/od/job-title-samples/fl/alternative-energy-job-titles.htm"">Alternative Energy</a>",Alternative Energy,http://jobsearch.about.com/od/job-title-samples/fl/alternative-energy-job-titles.htm,Account Accounts Advisor Agent Alternative Analyst Applications Assembler Assistant Associate Association Assurance Biomass Business Campaign Campaigner Cell Clean Climate Commercial Communications Compensation Consultant Coordinator Corporate Development Director Down Efficiency Electrical Energy Engineer Environmental Equipment Facility Field Foundations Fuel Fueling Fuels Fulfillment Generalist Generator Geothermal Green H2 Human Inside Inventory Laboratory Lead Leader Logistics Manager Marketing Mechanical Officer Offshore Operation Operations Optimization Outreach Outside Panel Planner Plant Policy Portfolio Process Production Program Programs Project Public Purchaser Quality Regional Relations Renewable Renewables Representative Research Resource Resources Sales Senior Service Site Solar Solutions Specialist Strategic Superviso Support Technician Technologies Technology Test Towers Transaction Turbine Waste Wind and of to
7,7,"<a data-component=""link"" data-ordinal=""7"" data-source=""inlineLink"" data-type=""internalLink"" href=""http://jobsearch.about.com/od/job-title-samples/fl/auction-house-job-titles.htm"">Auction House</a>",Auction House,http://jobsearch.about.com/od/job-title-samples/fl/auction-house-job-titles.htm,Accessories Account Accounts Acquisition Administrative Administrator Advisor Affairs American Analyst And Antiquities Appraisal Appraisals Appraiser Art Arts Asian Assistant Associate Auctioneer Audience Audit Bid Books Business CIO Cataloger Clerk Client Collections Commercial Commissions Compensation Contemporary Coordination Coordinator Corporate Decorative Delivery Department Designer Development Digital Director Drawings Education Events Executive Features Finance Furniture Gallery Generalist Global Group Handbags Handler Head Human Impressionist Intelligence Intern International Inventory Jewelry Junior Luxury Manager Manuscripts Marketing Modern Office Officer Operations PR Paintings Partner Partnerships Photographer Post Private Project Public Recruitment Regional Registrar Relations Relationship Researcher Resource Resources Risk Sales Sculpture Security Senior Service Solutions Special Specialist Strategic Strategy Supervisor Support Valuations War Watches Watercolors Writer Writer/Researcher and eCommerce of to
8,8,"<a data-component=""link"" data-ordinal=""8"" data-source=""inlineLink"" data-type=""internalLink"" href=""http://jobsearch.about.com/od/job-title-samples/fl/banking-job-titles.htm"">Banking</a>",Banking,http://jobsearch.about.com/od/job-title-samples/fl/banking-job-titles.htm,Accountant Accounting Accounts Administration Administrator Agricultural Analyst Anti Asset Assistant Audit Auditor Bank Banker Banking Bankruptcy Bankruptcy/Foreclosure Bilingual Box Branch Business Center Clerk Client Collector Commercial Common Compliance Consultant Consumer Coordinator Credit Custody Customer Default Department Escrow Examiner Finance Financial Fund Head Innovation Intelligence Internal Investment Junior Laundering Lead Lender Lending Loan Loans Lock Loss Management Manager Money Mortgage New Officer Online Operations Origination Personal Phone Planner Premier Processor Quality Recovery Regulatory Relationship Representative Risk Senior Service Services Specialist Support Syndication Technician Technology Teller Trainee Trust Underwriter Wire eServices
9,9,"<a data-component=""link"" data-ordinal=""9"" data-source=""inlineLink"" data-type=""internalLink"" href=""http://jobsearch.about.com/od/job-title-samples/fl/biotechnology-job-titles.htm"">Biotechnology</a>",Biotechnology,http://jobsearch.about.com/od/job-title-samples/fl/biotechnology-job-titles.htm,Account Administration Administrator Advisor Affairs Affiliate Analyst Analytics Antibody Area Assistant Associate Biologist Bioprocess Biotechnologist Business Care Clinical Commercialization Compensation Competitive Computational Consultant Country Customer Data Developer Development Director Disease Engineering Fermentation Field Forecast Franchise Global Government Group Head Hematology Human Immunoassay Immunology Industry Information Intelligence Key Laboratory Leader Liaison Line Local Lung Managed Management Manager Manufacturing Market Marketing Medical New Oncology Operations Ophthalmology Partner Pipeline Planning Portfolio Process Product Project Public Rare Recruiter Relations Research Resources Safety Sales Science Scientific Scientist Senior Software Specialist Sponsored Start Strategy Study Systems Technician Therapeutic Thought Training Unit Up and of
10,10,"<a data-component=""link"" data-ordinal=""10"" data-source=""inlineLink"" data-type=""internalLink"" href=""http://jobsearch.about.com/od/job-title-samples/a/business-job-titles.htm"">Business</a>",Business,http://jobsearch.about.com/od/job-title-samples/a/business-job-titles.htm,Actuary Adjuster Administrative Advisor Agent Analyst Appraiser Assessor Banker Benefits Branch Broker Budget Business Buyout Cash Certified Chartered Chief Claims Commercial Control Controller Credit Damage Estate Examiner Executive Financial Fund Hedge Insurance Investigator Investment Investor Leveraged Loan Loss Management Manager Marketing Mortgage Mutual Office Officer Planner Portfolio Principal Ratings Real Relations Representative Residential Risk Service Specialist Stockbroker Trader Treasurer Trust Underwriter Wealth
11,11,"<a data-component=""link"" data-ordinal=""11"" data-source=""inlineLink"" data-type=""internalLink"" href=""http://jobsearch.about.com/od/job-title-samples/fl/business-intelligence-job-titles.htm"">Business Intelligence</a>",Business Intelligence,http://jobsearch.about.com/od/job-title-samples/fl/business-intelligence-job-titles.htm,Account Advanced Agents Analyst Analyst/Project Analytics Application Architect Associate Big Business Chain Cognos Competitive Consultant Consumer Cost Cyber Dashboard Data Data/Business Delivery Designer Developer Development Director Engineer Enterprise Ethics Executive Expert Extract Federal Foundation Fraud Healthcare Informatica Information Insight Institutional Integration/Business Intelligence Java Lead Leader Load Manager Market Matter Media Metrics/Analytics Microstrategy Objects Office Officer Oracle Pentaho PeopleSoft Platform Predictive Product Project Report Reporting Research Retail SAP SQL Senior Service Services Social Software Solution Solutions Specialist Strategic Subject Suite Supply Support Systems Tableau Technical Technology Threat Tools Transform Visualization Warehouse Warehouse/Business Watch and data intelligence of with
12,12,"<a data-component=""link"" data-ordinal=""12"" data-source=""inlineLink"" data-type=""internalLink"" href=""http://culinaryarts.about.com/od/culinaryfundamentals/a/whatisachef.htm"">Chef</a>",nan,http://culinaryarts.about.com/od/culinaryfundamentals/a/whatisachef.htm,nan
13,13,"<a data-component=""link"" data-ordinal=""13"" data-source=""inlineLink"" data-type=""internalLink"" href=""http://jobsearch.about.com/od/job-title-samples/fl/college-admissions-job-titles.htm"">College Admissions</a>",College Admissions,http://jobsearch.about.com/od/job-title-samples/fl/college-admissions-job-titles.htm,Administrative Admissions Advisor Aid Articulation Assistant Associate College Communications Coordinator Counselor Credit Data Dean Director Diversity Division Educational Enrollment Evaluation Evaluator Events Financial Fund Global Graduate Health Information International Interviewer Law MBA MD Management Manager Marketing Nursing Office Officer Online Operations Opportunity Outreach President Processor Program Recruiter Recruiting Recruitment Representative Research STEM School Science Services Specialist Student Success Transcript Transfer Vice and for of
14,14,"<a data-component=""link"" data-ordinal=""14"" data-source=""inlineLink"" data-type=""internalLink"" href=""http://jobsearch.about.com/od/job-title-samples/fl/college-alumni-relations-job-titles.htm"">College Alumni Relations and Development </a>",College Alumni Relations and Development,http://jobsearch.about.com/od/job-title-samples/fl/college-alumni-relations-job-titles.htm,Administrative Advancement Affairs Allied Alumni Analyst Annual Assistant Associate Association Athletic Campaign Career Class Classes College Communications Coordinator Corporate Data Dean Development Direct Director Donor Engagement Events Foundation Fund Fundraiser Gifts Gifts/Capital Giving Grants Health Information Institutional Leadership Liaison Major Management Manager Marketing Office Officer Parent Partnerships Philanthropy Planned President Principal Program Programs Projects Prospect Records Regional Relations Report Research Sciences Senior Services Special Specialist Staff Stewardship Strategic Student Support System Systems University User Vice Volunteer Writer and for of
15,15,"<a data-component=""link"" data-ordinal=""15"" data-source=""inlineLink"" data-type=""internalLink"" href=""http://jobsearch.about.com/od/job-title-samples/fl/college-student-service-job-titles.htm"">College Student Services</a>",College Student Services,http://jobsearch.about.com/od/job-title-samples/fl/college-student-service-job-titles.htm,Academic Activities Advising Advisor Affairs Area Assessment Assistant Associate Based Campus Career Case Center Chaplain Clinician Community Conduct Coordinator Counseling Counselor Data Dean Development Director Diversity Engagement Events First Fraternity Freshman Gender Graduation Greek Health Inclusion Integrity Intervention Intramural Involvement Judicial LGBTQIA Leadership Life LifeDean Manager Mental Ministry Multicultural Orientation Outreach Parent Partnership Prevention Program Programs Recreational Resident Residential Resource Retention Seminars Senior Service Services Sorority Specialist Sports Standards Student Students Success Support Testing Transfer Transitions Union Veterans Violence Wellness Womens Year and for of the
16,16,"<a data-component=""link"" data-ordinal=""16"" data-source=""inlineLink"" data-type=""internalLink"" href=""http://jobsearch.about.com/od/job-title-samples/a/construction-job-titles.htm"">Construction</a>",Construction,http://jobsearch.about.com/od/job-title-samples/a/construction-job-titles.htm,Administrator Apprentice Assistant Building Carpenter Civil Concrete Construction Contract Coordinator Crane Director Dry Electrician Engineer Equipment Estimator Field Finisher Fitter Foreman Framing General Inspector Installer Iron Joiner Laborer Laborers Manager Master Operator Painter Pipe Planner Plumber Project Purchasing Roofer Safety Scheduler Signal Site Superintendent Supervisor Surveyor Wall Welder Worker wall
17,17,"<a data-component=""link"" data-ordinal=""17"" data-source=""inlineLink"" data-type=""internalLink"" href=""http://jobsearch.about.com/od/job-title-samples/fl/consulting-job-titles.htm"">Consulting</a>",Consulting,http://jobsearch.about.com/od/job-title-samples/fl/consulting-job-titles.htm,AX Activation Advertising Advisor Air Analyst Assistant Associate Audit Benefits Brand Business Campaign Capital Capture Change Commercial Compensation Consultant Consulting Contract Control Creative Customer Cyber Data Development Dynamics Economic Educational Electrical Employee Employment Engineer Engineering Environmental Federal Field Financial Foreclosure Functional Fundraising Government Health Healthcare Human Implementation Improvement Infrastructure International Lactation Lawyer Lead Legal Loss Lync Management Manager Market Marketing Medicaid/Medicare Nurse Organizational Political Principal Print Project Quality Recruitment Relations Research Resources Retail Risk Safety Sales Sap Security Senior Service Services Software Solutions Specialist Staff Staffing Strategist Strategy Survey Tax Technical Technology Telecom Websphere Wedding Weight and
18,18,"<a data-component=""link"" data-ordinal=""18"" data-source=""inlineLink"" data-type=""internalLink"" href=""http://jobsearch.about.com/od/job-title-samples/a/c-level-job-titles.htm"">Corporate</a>",Corporate,http://jobsearch.about.com/od/job-title-samples/a/c-level-job-titles.htm,CAA CAO CCO CDO CEO CFO CIO CISO CITO CMO COO CPO CRO CSO CTO CUO
19,19,"<a data-component=""link"" data-ordinal=""19"" data-source=""inlineLink"" data-type=""internalLink"" href=""http://jobsearch.about.com/od/job-title-samples/fl/cruise-ship-job-titles.htm"">Cruise Ship</a>",Cruise Ship,http://jobsearch.about.com/od/job-title-samples/fl/cruise-ship-job-titles.htm,Accommodation Accommodations Activities Acupuncturist Administrator Agent Animator Assistant Attendant Back Bartender Beauty Boutique Broadcast Butler Cabin Cashier Casino Chef Chief Childrens Club Concierge Controller Coordinator Counselor Cruise D Dance Dealer Deck Desk/International Dice Director Disc Dive Division Entertainer Executive First Fitness Fragrance/Cosmetics French Front Galley Guest HR Hair Host Hostess Hotel Housekeeper Housekeeping IT Instructor International Inventory Jewelry Jockey Keeper Languages Laundry Light Maintenance Maitre Manager Marketing Masseur Master Media Musician Nail Nurse Nutritionist Office Officer Operations Operator Pastry Performance Photographer Provision Purser Receptionist Relations Revenue Rigging Rooms Sales Second Service Ship Slot Sommelier Sound Sous Spa Spanish Speaking Specialist Sports Staff Stage Steward Stewardess Store Stylist Supervisor Technician Therapist Trainer Videographer Waiter Waiter/Waitress Youth and with
20,20,"<a data-component=""link"" data-ordinal=""20"" data-source=""inlineLink"" data-type=""internalLink"" href=""http://jobsearch.about.com/od/job-title-samples/fl/customer-service-job-titles.htm"">Customer Service</a>",Customer Service,http://jobsearch.about.com/od/job-title-samples/fl/customer-service-job-titles.htm,Account Administrative Administrator Advisor Agent Ambassador Assistant Associate Bellman Benefit Bilingual Call Calling Care Cashier Center Client Concierge Consultant Contact Coordinator Customer Data Desk Director Dispatcher Distribution Duty Engineer Front Garage Greeter Guest Health Help Hostess Inside Investment Lead Manager Manufacturing Medical Online Operator Orders Outbound Patient Provider Receptionist Relations Rental Representative Retail Return Sales Salesperson Satisfaction Server Service Services Solution Special Specialist Success Supervisor Support Technician Telephone Teller Territory Transaction Vehicle Welfare and of
21,21,"<a data-component=""link"" data-ordinal=""21"" data-source=""inlineLink"" data-type=""internalLink"" href=""http://jobsearch.about.com/od/job-title-samples/fl/data-science-job-titles.htm"">Data Science</a>",Data Science,http://jobsearch.about.com/od/job-title-samples/fl/data-science-job-titles.htm,Advanced Analysis Analyst Analytics Architect Big Business Chief Consultant Consumer Data Development Director Downstream Engineer Enterprise Excellence Hadoop/Bid Identity Information Insights Intelligence Journey Junior Lead Learning Machine Manager Mass Miner Mining Modeler Modeling Officer Planning Platform Predictive President Principal Process Processing Products Relevance Research SAP SaaS Sales Science Scientist Senior Software Solution Specialist Staff User Vice Web and of
22,22,"<a data-component=""link"" data-ordinal=""22"" data-source=""inlineLink"" data-type=""internalLink"" href=""http://jobsearch.about.com/od/job-title-samples/a/engineering-job-titles.htm"">Engineering</a>",Engineering,http://jobsearch.about.com/od/job-title-samples/a/engineering-job-titles.htm,& ; Aerospace Agricultural Aide Application Architect Assistant Assurance Automotive Biological Biomedical Boiler C Ceramics Chemical Chief Clerk Commissioning Compliance Components Computer Construction Contract Control Controls Coordinator Cost D Design Design/Development Development Director Drafting Drilling E/M Electrical Electro Electronics Engineer Engineering Entry Environmental Equipment Executive Facilities Field Fire Firmware Frontend Geological Hardware Health High I Industrial Instrumentation Interface Junior Lead Level Licensing Logistics Maintenance Manager Manufacturing Marine Materials Mechanical Metallurgical Mining Naval Network Nuclear Operations Packaging Performance Petroleum Pipeline Piping Planning Plant Plastics Power President Pressure Process Product Production Project Proposal Protection Quality R RF Relay Reliability Research Reservoir Rotating SCADA Safety Sales Secretary Security Senior Service Software Staff Staking Stationary Stress Structural Substation Support Systems Technical Technician Telecommunications Test Transmission Turbine User Validation Vice Welding amp and of
23,23,"<a data-component=""link"" data-ordinal=""23"" data-source=""inlineLink"" data-type=""internalLink"" href=""http://jobsearch.about.com/od/best-jobs/a/best-entry-level-jobs.htm"">Entry Level Jobs</a>",nan,http://jobsearch.about.com/od/best-jobs/a/best-entry-level-jobs.htm,nan
24,24,"<a data-component=""link"" data-ordinal=""24"" data-source=""inlineLink"" data-type=""internalLink"" href=""http://jobsearch.about.com/od/job-title-samples/fl/environmental-job-titles.htm"">Environmental</a>",Environmental,http://jobsearch.about.com/od/job-title-samples/fl/environmental-job-titles.htm,Advisor Agriculture Air Analyst Animal Appointment Archaeological Archaeologist Architect Area Assistant Associate Attorney Auditor Biological Biologist Business Chemist City Clean Communications Compliance Conservation Consultant Coordinator Cre Crew Delineator Deputy Design Designer Development Director Division Easement Ecologist Ecology Economist Education Educator Efficiency/Renewable Electrical Energy Engineer Environmental Estimator Executive Experts Federal Fellow Field Finance Financial Fire Fish Forest Forestry GIS Geologists Giving Government Grant Handler Health Hydrogeologist Innovation Installer Institutional Interagency Intern Junior Keeper Lab Land Lands Leader Manager Marketing Matter Member Microbiologist Monitoring Natural Operations Outreach Park Pest Planner Planning Policy Program Project Quality Regional Regulatory Rehabilitation Rehabilitator Relations Renewable Research Resource Resources Restoration River Safety Sales Sample Scientist Senior Setters Soil Solar Specialist Steward Stewardship Strategic Subject Supervisor Sustainability Sustainable System Team Technician Trail Vertebrate Warden Water Waterways Wetland Wild Wildlife Writer and for of
25,25,"<a data-component=""link"" data-ordinal=""25"" data-source=""inlineLink"" data-type=""internalLink"" href=""http://eventplanning.about.com/od/eventcareers/tp/corporateevents.htm"">Event Planning</a>",nan,http://eventplanning.about.com/od/eventcareers/tp/corporateevents.htm,nan
26,26,"<a data-component=""link"" data-ordinal=""26"" data-source=""inlineLink"" data-type=""internalLink"" href=""http://jobsearch.about.com/od/job-title-samples/fl/fashion-job-titles.htm"">Fashion</a>",Fashion,http://jobsearch.about.com/od/job-title-samples/fl/fashion-job-titles.htm,Account Administrative Advertising Agent Ambassador Analyst Area Artist Assistant Associate Attorney Bedding Boutique Brand Buyer Client Colorist Coordinator Creative Curated Customer Department Design Designer Developer Development Digital Director ECommerce Estate Event Events Executive Fabric Factory Fashion Footwear General Graphic Import International Inventory Jewelry Layette Logistics Luxury Maker Manager Manufacturer Marketing Media Merchandise Merchandiser Merchandising Merchant Model Online Operations Pattern Personal Planner Planner/Analyst Planning Product Production Public Publicist Real Receptionist Recruiter Relations Representative Research Retail Sales Salesperson Senior Service Services Shopper Showroom Sourcing Specialist Staff Store Stores Strategist Style Stylist Technical Textile Warehouse and of
27,27,"<a data-component=""link"" data-ordinal=""27"" data-source=""inlineLink"" data-type=""internalLink"" href=""http://jobsearch.about.com/od/job-title-samples/fl/film-job-titles.htm"">Film</a>",Film,http://jobsearch.about.com/od/job-title-samples/fl/film-job-titles.htm,1st 2nd Accounting Actor Administrative Agent Analyst Animator Art Artist Assistant Audience Best Boy Business Camera Carpenter Casting Choreographer Cinematographer Communications Composer Construction Coordinator Costumer Decorator Designer Development Digital Director Dolly Editor Effects Electrician Executive Film Financial Gaffer Grip Head Interaction Intern Junior Key Lead Location Make Management Manager Marketing Master Media Motion Music Online Photography Picture Piracy President Producer Production Property Publicist Representative Research Rigger Scenic Scout Screening Screenwriter Senior Set Social Sound Special Staff Supervising Supervisor Talent Technician Up Vice Wrangler and of
28,28,"<a data-component=""link"" data-ordinal=""28"" data-source=""inlineLink"" data-type=""internalLink"" href=""http://jobsearch.about.com/od/justforstudents/a/first-job-list.htm"">First Job</a>",nan,http://jobsearch.about.com/od/justforstudents/a/first-job-list.htm,nan
29,29,"<a data-component=""link"" data-ordinal=""29"" data-source=""inlineLink"" data-type=""internalLink"" href=""http://jobsearch.about.com/od/job-title-samples/fl/fundraiser-job-titles.htm"">Fundraiser</a>",Fundraiser,http://jobsearch.about.com/od/job-title-samples/fl/fundraiser-job-titles.htm,Account Agency Alumni Annual Area Assistant Associate Call Campaign Center City Communication Communications Community Consultant Coordinator Corporate Data Development Direct Director Distinguished Donor Engagement Events Foundation Friends Fund Fundraiser Fundraising Gifts Giving Grant Grants Head Heart Individual Information Leadership Liaison Major Manager Marketing National Officer Online Outreach Partnership Partnerships Philanthropic Philanthropy Planned Production Program Projects Prospect Regional Relations Relationships Representative Resource Response Senior Special Specialist Staff Stewardship Strategic Strategy Systems Tele Volunteer Walk Workplace Writer and of
30,30,"<a data-component=""link"" data-ordinal=""30"" data-source=""inlineLink"" data-type=""internalLink"" href=""http://jobsearch.about.com/od/job-title-samples/a/health-care-job-titles.htm"">Healthcare/Medical</a>",Healthcare/Medical,http://jobsearch.about.com/od/job-title-samples/a/health-care-job-titles.htm,Account Accountant Administrative Administrator Admissions Aide Analyst Anesthesiologist Assistant Associate Attendant Bereavement Biller Billing Biologist Biomedical Business Care Case Certified Charge Chief Claims Clerk Clinical Coder Coding Consultant Coordinator Counselor Customer Dental Dentist Developer Dietitian Director Doctor Educator Emergency Engineer Examiner Executive Financial Front Health Healthcare Help Home Hospice Hygienist Licensed Management Manager Massage Medical Microbiologist Nurse Nursing Nutritionist Occupational Office Officer Operations Orderly Paramedic Patient Pharmaceutical Pharmacist Pharmacy Phlebotomist Physical Physician Physicians Practical Practitioner President Program Programmer Project Psychiatric Quality Receptionist Records Recruiter Regional Registered Rehabilitation Rep Representative Research Respiration Sales Secretary Senior Service Services Social Software Specialist Staffing Supervisor Supply Surgical Technician Technologist Therapist Transcription Transcriptionist Ultrasonographer Vice analyst and manager medical of or phlebotomist receptionist
31,31,"<a data-component=""link"" data-ordinal=""31"" data-source=""inlineLink"" data-type=""internalLink"" href=""http://jobsearch.about.com/od/job-title-samples/a/health-safety-job-titles.htm"">Health/Safety</a>",Health/Safety,http://jobsearch.about.com/od/job-title-samples/a/health-safety-job-titles.htm,Act Activity Analyst Arson Assessment Care Cargo Claims Compliance Conservation Consultant Control Coordinator Corporate Correctional Delivery Deputy Director Employee Enforcement Engineer Environment Environmental Epidemic Epidemiologist Ergonomist Explosion Extra Field Fighter Fire Fish Game Guard Hazard Health Hygiene/Safety Hygienist Industrial Infection Injury/Safety Inspector Insurance Intelligence Investigator Jailer Liaison Loss Management Manager Marine Marshal Marshall Medical Medicine Nurse Occupational Officer Petroleum Physician Police Practitioner Prevention Primary Product Program Protection Quality Recovery Regional Representative Resource Responsibility Risk Safety Scientist Security Service Services Specialist Staff Surveyor System Technician Toxics Vehicular Warden Waste Wellness and of
32,32,"<a data-component=""link"" data-ordinal=""32"" data-source=""inlineLink"" data-type=""internalLink"" href=""http://jobsearch.about.com/od/job-title-samples/a/hospitality-job-titles.htm"">Hospitality</a>",Hospitality,http://jobsearch.about.com/od/job-title-samples/a/hospitality-job-titles.htm,Agent Aide Assistant Associate Attendant Auditor Back Backwaiter Banquet Bar Bartender Bell Bellhop Bellman Bellperson Beverage Busser Cafe Catering Chef Clerk Concierge Conference Cook Coordinator Corporate Crew Deposit Desk Director Dishwasher Driver Events Executive Food Front General Greeter Group Guest Host Hostess Hotel Housekeeper Housekeeping Kitchen Lead Leader Maintenance Manager Marketing Meeting Member Mini Night Office Operations Parker Parking Public Relations Representative Reservations Restaurant Room Runner Sales Server Service Services Shift Special Specialist Staff Supervisor Team Transportation Valet Wait Waiter Waitress Wedding Worker and of
33,33,"<a data-component=""link"" data-ordinal=""33"" data-source=""inlineLink"" data-type=""internalLink"" href=""http://humanresources.about.com/od/HR-Roles-And-Responsibilities/fl/human-resources-job-titles.htm"">Human Resources</a>",nan,http://humanresources.about.com/od/HR-Roles-And-Responsibilities/fl/human-resources-job-titles.htm,nan
34,34,"<a data-component=""link"" data-ordinal=""34"" data-source=""inlineLink"" data-type=""internalLink"" href=""http://jobsearch.about.com/od/job-title-samples/fl/human-services-social-work-job-titles.htm"">Human Services / Social Work</a>",Human Services / Social Work,http://jobsearch.about.com/od/job-title-samples/fl/human-services-social-work-job-titles.htm,Abuse Addiction Adolescents Adopt Advocate Aide Assistant Associate Battered Behavior Bilingual Care Case Casework Caseworker Center Chemical Child Clinical Clinician Coach Cognitive Community Consultant Coordinator Counselor Court Crisis Dependency Desk Determination Development Director Disability Disaster Disorder Domestic Dynamics Eating Educator Emergency Employment Family Forensic Fost Foster Front Group Health Healthcare Home Homeless Homes Hospice Housing Independent Intact Intake Integrated Integrator Intensive Intervention Job Licensed Living Manager Medicaid Medical Mental Mentor Milieu Model Nursing Office Ongoing Outcomes Outreach Overnight Parent Peer Placement Planner Preservation Preventive Primary Program Protective Provider Psychiatrist Psychologist Receptionist Recovery Rehabilitation Remediation Residential School Science Senior Service Services Shelter Social Spanish Specialist Substance Supervisor Supported Therapeutic Therapist Trainer Training Transition Triage Unit Urgent Violence Welfare Wellness Women Work Worker Youth for to
35,35,"<a data-component=""link"" data-ordinal=""35"" data-source=""inlineLink"" data-type=""internalLink"" href=""http://jobsearch.about.com/od/job-title-samples/a/it-job-titles.htm"">Information Technology (IT)</a>",Information Technology,http://jobsearch.about.com/od/job-title-samples/a/it-job-titles.htm,.NET Administrator Analyst Application Applications Architech Architect Associate Assurance Center Chief Computer Coordinator Customer Data Database Designer Desk Desktop Developer Director End Engineer Front Help IT Information Java Junior Management Manager Network Officer Operations Programmer Quality Security Senior Software Specialist Support System Systems Technical Technician Technology Telecommunications Web Webmaster and of
36,36,"<a data-component=""link"" data-ordinal=""36"" data-source=""inlineLink"" data-type=""internalLink"" href=""http://jobsearch.about.com/od/job-title-samples/a/insurance-job-titles.htm"">Insurance</a>",Insurance,http://jobsearch.about.com/od/job-title-samples/a/insurance-job-titles.htm,Account Actuarial Adjuster Administrative Agency Agent Analyst Appraiser Assistant Associate Auditor Billing Bookkeeper Broker Business Claims Clerk Consultant Consultant/Specialist Control Coordinator Customer Director Division Estimator Examiner Executive Field Insurance Investigator Loss Manager Marketing Office Project Promotion Representative Risk Sales Service Specialist State Training Underwriter Underwriting of
37,37,"<a data-component=""link"" data-ordinal=""37"" data-source=""inlineLink"" data-type=""internalLink"" href=""http://jobsearch.about.com/od/job-title-samples/fl/international-affairs-job-titles.htm"">International Affairs / Development</a>",International Affairs / Development,http://jobsearch.about.com/od/job-title-samples/fl/international-affairs-job-titles.htm,Adviser Affairs Africa Agriculture America Analyst Asia Assistant Associate Chief Child Communications Compliance Conflict Coordinator Counsel Countering Counterintelligence Country Crisis Cross Cyber Delegate Deputy Development Dimension Direct Director Displacement East Economic Editor Education Emergency Empowerment Energy Engagement Event Events Extremism Family Fellow Finance Food Foreign Fundraising Gender General Global Grants Head Health Human Humanitarian Intelligence International Interpreter Latin Lead Leader Legal Manager Mapping Marketing Media Membership Methods Microfinance Middle Mission Monitor Officer Operations Participatory Partnership Parts Planning Policy Political Production Program Project Proposal Protection Public Publications Red Regional Regulatory Relations Representative Reproductive Research Researcher Response Security Senior Service Services Social Specialist Sustainable System Team Technical Translator Urban Violent Womans Writer and for of
38,38,"<a data-component=""link"" data-ordinal=""38"" data-source=""inlineLink"" data-type=""internalLink"" href=""http://jobsearch.about.com/od/job-title-samples/fl/international-business-job-titles.htm"">International Business</a>",International Business,http://jobsearch.about.com/od/job-title-samples/fl/international-business-job-titles.htm,Accelerated Account Administration Administrator Analysis Analyst Asia Assignment Assistant Associate Banking Benefits Bilingual Business Claims Cocoa Commodity Communication Communications Compliance Consulting Content Contracts Coordinator Counselor Country Currency Customer Data Development Director Division East Engagement European Executive Expansion Export Financial Foreign Global Growth Implementation Import/Export Incident Integration Internal International Junior Lead Leader Level Logistics Manager Market Marketing Markets Meeting Mid Middle Officer Operations Planner Planning Platform President Pricing Principal Process Product Products Program Project Purchasing Recruiter Representative Retail Retirement Rotational SEO/SEM Sales Service Services Specialist Supply Team Technical Trade Trader Trainee Travel Traveling Treasury Vice Zone and of
39,39,"<a data-component=""link"" data-ordinal=""39"" data-source=""inlineLink"" data-type=""internalLink"" href=""http://jobsearch.about.com/od/job-title-samples/fl/investment-banking-job-titles.htm"">Investment Banking</a>",Investment Banking,http://jobsearch.about.com/od/job-title-samples/fl/investment-banking-job-titles.htm,1st 2nd Accountant Acquisitions Administrative Advisors Advisory Analyst Asset Assistant Associate Attorney Auditor Banker Banking Banking/Valuation Business CIB Capital Capitol Capture Client Closing Compliance Consumer Control Controller Coordinator Corporate Credit Data Derivative Derivatives Desk Development Digital Director Electronic Emerging Equity Estate Executive Finance Financial Fixed Futures Gas Global Group Head Healthcare Income Internal Investment Investor Leveraged Management Manager Managing Margin Markets Media Mergers Middle Natural Office Officer Oil Operations Paralegal Post President Product Products Public Quantitative Real Recruiter Relations Relationship Research Resources Restructuring Room Sales Senior Services Specialist Strategic Structured Support Surveillance Swap Tax Tech Technology Trade Trader Trading Treasury Vice Year and in of to
40,40,"<a data-component=""link"" data-ordinal=""40"" data-source=""inlineLink"" data-type=""internalLink"" href=""http://jobsearch.about.com/od/job-title-samples/fl/law-enforcement-job-titles.htm"">Law Enforcement</a>",Law Enforcement,http://jobsearch.about.com/od/job-title-samples/fl/law-enforcement-job-titles.htm,Accounting Advocate Agent Aide Analyst Armed Assault Associate Background Ballistics Blood Bonding Border Campus Central Chemist Chief Claims Clerk Communications Compliance/Privacy Computer Containment Coordinator Corporate Correctional Crime Criminal Customs DEA DNA Deputy Detective Detention Devices Digital Dispatcher Diversion Documents Emergency Enforcement Environmental Evidence Examiner Examiners Expert FBI Fingerprint Forensic Forensics Fraud Game Guard Hazardous Health Identities Inspector Intelligence Internal Investigations Investigative Investigator Law Lieutenant Manager Maritime Marshall Mortgage NSA Occupational Officer Park Patrol Pattern Photographer Police Polygraph Principal Private Program Protection Public Ranger Research Response Safety Science Secret Security Sergeant Service Sexual Sheriff Shift Special Specialist State Superintendent Supervisor Surface Surveillance Team Technician Terrorist Toxicologist Trainee Transit Transportation Trooper U.S. Victim/Witness Warden Witness and investigations
41,41,"<a data-component=""link"" data-ordinal=""41"" data-source=""inlineLink"" data-type=""internalLink"" href=""http://jobsearch.about.com/od/job-title-samples/a/legal-job-titles.htm"">Legal</a>",Legal,http://jobsearch.about.com/od/job-title-samples/a/legal-job-titles.htm,Administrative Administrator Advocate Affairs Agent Aide/Assistant Analyst Arbitrator Assistant Attorney Case Center Clerk Coder Conciliator Conflict Consultant Contract Copy Corrections Counselor Court Director Docket Document Drafting E File Firm Judge Jury Law Lawyer Legal Litigation Magistrate Mailroom Manager Mediator Messenger Officer Paralegal Personnel Professional Records Regulatory Reporter Representative Resolution Right Secretary Services Software Specialist Support Transcriptionist Way discovery of
42,42,"<a data-component=""link"" data-ordinal=""42"" data-source=""inlineLink"" data-type=""internalLink"" href=""http://jobsearch.about.com/od/job-title-samples/a/maintenance-job-titles.htm"">Maintenance</a>",Maintenance,http://jobsearch.about.com/od/job-title-samples/a/maintenance-job-titles.htm,& ; Aircraft Analyst Appliance Assembler Assembly Attendant Bricklayer Builder Building Carpenter Cleaner Cleaning Clinical Concrete Control Coordinator Crew Custodial Custodian Dairy Director Dispatcher District Electric Electric/Electronics Electrical Electrician Elevator Equipment Estimating Executive Facilities Field Finisher Fixture Floor General Grinder Grounds Groundskeeper HVAC Head Home Housekeeper Housekeeping Industrial Installation Installer Installer/Repairer Interior Ironworker Janitor Jig Laborer Landscaper Laundry Lawn Lineman Locksmith Maintenance Management Manager Mechanic Meter Millwright Motor Operations Operator Painter Pest Pipefitter Pipeline Pipelines Planner Planning Plant Plumber Power Powerhouse Powerline Processing Production Pruner Repairer Research Resteel Safety Security Service Shooter Spares Structural Supervisor Technical Technician Terrazzo Tool Treatment Trouble Utility Vehicle Washer/Equipment Waste Water Worker amp and of
43,43,"<a data-component=""link"" data-ordinal=""43"" data-source=""inlineLink"" data-type=""internalLink"" href=""http://jobsearch.about.com/od/job-title-samples/fl/management-job-titles.htm"">Management</a>",Management,http://jobsearch.about.com/od/job-title-samples/fl/management-job-titles.htm,Account Accounting Accounts Advertising Affiliate Asset Assistant Associate Assurance Automotive Benefits Branch Brand Budget Business Care Category Catering Centralized Change Client Clinical Collection Communication Compensation Compliance Construction Control Culinary Customer Decision Development Dispatch Disposal District Division Employee Engineering Financial Fleet General Grants Guest Healthcare Human Inside Inventory Leasing Loan Management Management/Assistant Manager Managers Margin Marketing Merchandise Office Oilfield Operations Organizational Plant Portfolio Power Practice Process Product Production Program Project Property Purchasing Quality RN Realty Relations Resource Restaurant Risk Route Safety Sales Senior Service Services Shift Sourcing Space Specialist Store Strategic Student Territory Trainee Training Transportation Underwriting Unit Utilization Warehouse and
44,44,"<a data-component=""link"" data-ordinal=""44"" data-source=""inlineLink"" data-type=""internalLink"" href=""http://jobsearch.about.com/od/job-title-samples/a/manufacturing-job-titles.htm"">Manufacturing</a>",Manufacturing,http://jobsearch.about.com/od/job-title-samples/a/manufacturing-job-titles.htm,Accountant Agent/Buyer Aircraft Analyst Assembler Assembly Assistant Associate Assurance Attendant Boilermaker Bookbinders Buyer CNC Chemical Chief Civil Clerk Cnc Coating Computer Configuration Control Controller Controls Crib Customer Cutting Dairy Design Designer Development Die Director Distribution Division Electrician Electromechanical Electronic Engineer Engineering Equipment Estimating Executive Expediter Fabrication Facilities Fiberglass Field Floor Food Foreman Gauge General Handler Human Industrial Inspector Laborer Laminator/Fabricator Machine Machinist Machinists Maintenance Maker Management Manager Manager/Coordinator Manufacturing Manufacturing/Production Marketing Master Material Materials Mechanic Mechanical Metal Millwright Mount Operations Operator Operator/Tender Operators Packaging Painter Painting Photographic Planner Planner/Scheduler Plant Power Powerhouse Precision Printing Process Process/Product Processing Processor Product Production Programmer/Operator Project Purchasing Quality Receiving Reliability Representative Resources Room Safety Scheduler Semiconductor Senior Service Shift Shipping Shop Silicon Spraying Structural Supervisor Supplier Surface Technician Technologist Technology Test Tool Treatment Wafer Warehouse Waste Welder Woodworker Worker and bindery fabricator of or workers
45,45,"<a data-component=""link"" data-ordinal=""45"" data-source=""inlineLink"" data-type=""internalLink"" href=""http://jobsearch.about.com/od/job-title-samples/fl/marketing-job-titles.htm"">Marketing</a>",Marketing,http://jobsearch.about.com/od/job-title-samples/fl/marketing-job-titles.htm,Account Advertising Analyst Art Assistant Associate Brand Business Buyer Communications Consultant Coordinator Copywriter Creative Data Development Digital Director Email Engineer Executive Inside Internet Manager Market Marketer Marketing Media Online Outside Planner President Product Project Promotions Public Publicity Regional Relations Relationship Representative Research Researcher SEO Sales Senior Social Specialist Strategist Territory Vice and eCommerce for of
46,46,"<a data-component=""link"" data-ordinal=""46"" data-source=""inlineLink"" data-type=""internalLink"" href=""http://jobsearch.about.com/od/job-title-samples/a/media-job-titles.htm"">Media</a>",Media,http://jobsearch.about.com/od/job-title-samples/a/media-job-titles.htm,Account Administrative Analyst Analysts Animator Announcer Applications Art Artist Assistant Associate Audio Author Broadcast Broadcaster Camera Communication Communications Content Coordinator Copy Creative Customer Data Database Designer Developer Development Digital Director Editor Editorial Electronic Engineer Engineering Equipment Executive Film/Video Freelance Graphic Graphic/Web Graphical Hand Interchange Interface Intranet Java Journalist Line Manager Managing Marketing Media Merchandising Mixer Motion Multimedia Network News Operator Photo Photographer Picture Planner Producer Product Production Programmer Project Promotions Proofreader Public Publicist Radio Recording Relations Reporter Section Services Set Social Software Sound Specialist Stage Support Systems Technical Technician Telecommunications Television User Video Videographer Web Webmaster Worker Writer and
47,47,"<a data-component=""link"" data-ordinal=""47"" data-source=""inlineLink"" data-type=""internalLink"" href=""http://jobsearch.about.com/od/job-title-samples/fl/museum-job-titles.htm"">Museum</a>",Museum,http://jobsearch.about.com/od/job-title-samples/fl/museum-job-titles.htm,Administrative Administrator Advancement Africa Aid American Americas Ancient Archive Art Artistic Arts Asian Assistant Associate Attendant Chief Collection Communication Conservator Contemporary Coordinator Craft Curator Curatorial Departmental Designer Developer Development Director Docent Editor Education Educator Egyptian Evaluation Executive Exhibition Experience Facilitator Facilities Fellow Funding Gallery Gifts Grant Handling Head Installation Interactive Intern International Interpretation Maintainer Major Management Manager Marketing Media Modern Museum Oceania Officer Operations Permissions Preparator Program Programs Project Public Publications Registrar Registrar/Exhibition Relations Research Resourcer Resources Rigging Rights Sales Security Senior Services Shop Social Store Technician Visitor Web Western Writing and for in of the to
48,48,"<a data-component=""link"" data-ordinal=""48"" data-source=""inlineLink"" data-type=""internalLink"" href=""http://jobsearch.about.com/od/job-title-samples/fl/music-job-titles.htm"">Music</a>",Music,http://jobsearch.about.com/od/job-title-samples/fl/music-job-titles.htm,Accompanist Accountant Acoustics Acquisition Activities Administrative Agent Analyst Analytics Apprentice Arranger Artist Assistant Associate Audience Audio Box Branding Business Buyer Camp Campaige Catalog Choir Choral College Composer Conductor Content Coordinator Creative D2C Deejay Designer Developer Development Digital Director Drummer Engineer Event Festival Film Finance Global Guitarist House Instructor Licensing Lifestyle Lighting Management Manager Marketing Music Musician Office Operations Pianist Planner/Allocator President Producer Product Production Project Promoter Promotion Public Publicist Publishing Receptionist Regional Rehearsal Relations Repertoire Representative Research Royalty Scheduling Scout Senior Services Singer Songwriter Sound Stage Strategy Supervisor Talent Teacher Technician Television Therapist Tour Venue Vice Video Violinist Web Writer/Publisher and eCommerce of
49,49,"<a data-component=""link"" data-ordinal=""49"" data-source=""inlineLink"" data-type=""internalLink"" href=""http://jobsearch.about.com/od/job-title-samples/a/nonprofit-job-titles.htm"">Non Profit</a>",Non Profit,http://jobsearch.about.com/od/job-title-samples/a/nonprofit-job-titles.htm,. Activist Administrator Advisor Advocacy Advocate Aid Aides Analyst Assistant Associate Association Business Campaign Care Case Center Certification Chaplain Chemical Chief Child Childbirth Community Compliance Coordinator Corporate Counselor Critical Dependency Developer Development Director Educator Event Events Executive Family Financial Foundation Fund Fundraiser Fundraising Gift Giving Grant Grant/Contracts Grassroots Health Hospice Housing Human Job Juvenile Labor Leader Life Living Lobbyist Major Managed Manager Medical Member Membership Minister Nonprofit Office Officer Online Organizations Organizer Outreach Pastor Planned Planning Policy Program Project Proposal Raiser Records Recreational Recruiter Relations Representative Residential Service Services Shelter Skills Social Special Specialist Supervisor Support Team Teen Therapy Union Volunteer Work Worker Writer for of
50,50,"<a data-component=""link"" data-ordinal=""50"" data-source=""inlineLink"" data-type=""internalLink"" href=""http://jobsearch.about.com/od/job-title-samples/fl/nursing-job-titles.htm"">Nursing</a>",Nursing,http://jobsearch.about.com/od/job-title-samples/fl/nursing-job-titles.htm,Access Ambulatory Analyst Anesthesia Anesthetist Assistant Associate Behavioral Call Cardiac Cardiovascular Care Case Catheterization Center Certified Charge Clinical Consultant Coordinator Crisis Critical Data Delivery Dermatology Dialysis Director Educator Emergency Employee Endocrinology Endoscopy Facilities Family First Flight Geriatric Health Home Hospice House Informatics Inpatient Intensive Interventional Kidney Lab Labor Lead Legal Liaison Licensed Manager Medical Midwife Mobile Neonatal Nurse Nursing Occupational Office Oncology Operating Outreach Paralegal Patient Pediatric Perioperative Post Postpartum Practical Practitioner Progressive Psychiatric Public RN Radiology Recovery Regional Registered Restorative Reviewer Room Safety School Services Smart Stabilization Student Supervisor Surgery Surveillance Surveyor Telemetry Telephone Triage Unit Urgent Wellness Womens and for of
51,51,"<a data-component=""link"" data-ordinal=""51"" data-source=""inlineLink"" data-type=""internalLink"" href=""http://jobsearch.about.com/od/job-title-samples/fl/outdoor-job-titles.htm"">Outdoor </a>",Outdoor,http://jobsearch.about.com/od/job-title-samples/fl/outdoor-job-titles.htm,Activities Adventure Agricultural Archaeological Archaeologist Architect Area Assistant Athletic Aviation Baseball Bike Biological Biologist Biology Boat Boatswains Botanist Camp Carrier Challenge Civil Coach Coast College Commercial Conservation Construction Cook Counselor Course Crew Deckhand Director Diver Education Educator Engineer Environmental Facilitator Field Fire First Fish Fishing Football Foreman Forestry Game Geological Geologist Greenskeeper Groomer Guard Guide Instructor Kayaking Keeper Laborer Lacrosse Land Landscape Landscaper Leader Lifeguard Lift Line Maker Management Manager Mate Member National Naturalist Officer Outdoor Parasailing Park Parks Patrol Patroller Photographer Postal Preservationist Program Ranger Rehabilitator Research Rope Science Services Ski Skydiving Snow Soccer Specialist Sports Summer Surveyor Survival Technician Tennis Trainer Trip Utility Vineyard Warden Wildlife Worker Yacht Youth Zip Zoo and
52,52,"<a data-component=""link"" data-ordinal=""52"" data-source=""inlineLink"" data-type=""internalLink"" href=""http://jobsearch.about.com/od/job-title-samples/fl/public-administration-job-titles.htm"">Public Administration</a>",Public Administration,http://jobsearch.about.com/od/job-title-samples/fl/public-administration-job-titles.htm,Administrative Administrator Admissions Advisor Affairs Agent Alcohol Analyst Area Assistance Assistant Assistant/Program Assurance Auditor Based Budget Capital Child Children City Community Compensation Compliance Concerns Contract Coordinator Council Court Department Deputy Development Director Document Evidence Executive Facilities Family Field Government Grants Health Housing Human Institutional Insurance Internal Labor Liaison Licensing Management Manager Monitor Officer Outreach Paralegal Parks Performance Planner Planning Policy Practices Prevention Program Project Public Purchasing Quality Recreation Relations Rental Representative Resource Resources Senior Service Services Social Specialist Staff Statistician Supervisor Support Survey Sustainability Tobacco Transit Transportation Unit Utility Veterans Water Workforce Youth and of
53,53,"<a data-component=""link"" data-ordinal=""53"" data-source=""inlineLink"" data-type=""internalLink"" href=""http://jobsearch.about.com/od/job-title-samples/a/public-relations-job-titles.htm"">Public Relations</a>",Public Relations,http://jobsearch.about.com/od/job-title-samples/a/public-relations-job-titles.htm,Account Administrator Affairs Assistant Associate Chapter Communications Coordinator Copy Corporate Development Director Editor Executive External Financial Fundraising Gifts Information Lobbyist Major Manager Managing Marketing Media Officer Program Public Relations Relationship Representative Social Specialist Supervisor Technical Writer and of
54,54,"<a data-component=""link"" data-ordinal=""54"" data-source=""inlineLink"" data-type=""internalLink"" href=""http://jobsearch.about.com/od/job-title-samples/fl/purchasing-job-titles.htm"">Purchasing</a>",Purchasing,http://jobsearch.about.com/od/job-title-samples/fl/purchasing-job-titles.htm,AP Account Accounts Administrative Administrator Agent Analyst Apparel Assistant Associate Auditor Automotive Baby Buyer Buyer/Estimator Care Carrier Category Chain Chemical Clerk Closing Contract Contracts Cookies Coordinator Cost Crackers Credit Curative Director Engagement Engineer Escrow Expeditor Fashion Gas Global Inventory Lead Leasing MRO Management Manager Master Materials Merchant Officer Outsourcing Payable/Purchasing Planner Post Pre Pricing Procurement Produce Programs Proposal Prototype Purchase Purchaser Purchasing Purchasing/Inventory Quality Replenishment Representative Resource Retail Scheduler Scheduling Senior Service Sourcing Special Specialist Specialty Strategic Supplier Supply Tactical Team Technical Tile Vendor Womens and for of
55,55,"<a data-component=""link"" data-ordinal=""55"" data-source=""inlineLink"" data-type=""internalLink"" href=""http://jobsearch.about.com/od/job-title-samples/fl/radio-job-titles.htm"">Radio</a>",Radio,http://jobsearch.about.com/od/job-title-samples/fl/radio-job-titles.htm,Account Actor Administrator Advertising Afternoon Air Analyst Analytics Anchor Announcer Assistant Associate Assurance Audience Audio Board Brand Business Campaign Collections Coordinator Creative Critical Development Digital Director Drive Electrical Employee End Engineer Evening/Breaking Event Executive Executives Fellowship Front Games General Generalist Group Host Human Initiatives Integration Intern Liaison Local Manager Marketing Media Membership Midday Morning Multi Music Network News Newscast On Operations Operator Payroll Personality President Principal Producer Producing Product Production Program Project Promotion Promotions Quality Radio Recruiter Relations Remote Reporter Reporting Resources SEM Sales Salesperson Senior Show Sports Station Strategic Street Studio Systems Talent Talk Team Technology Vice Voice Web and programming talk
56,56,"<a data-component=""link"" data-ordinal=""56"" data-source=""inlineLink"" data-type=""internalLink"" href=""http://jobsearch.about.com/od/job-title-samples/a/real-estate-job-titles.htm"">Real Estate </a>",Real Estate,http://jobsearch.about.com/od/job-title-samples/a/real-estate-job-titles.htm,Advisor Agent Analyst Appraisal Appraiser Assistant Associate Attorney Broker Building Clerk Closer Closing Commercial Consultant Coordinator Direct Documents Estate Examiner Foreclosure Home Inspector Licensed Loan Manager Marketing Mortgage Processor Professional Real Realty Retail Sales Specialist Title Underwriter of
57,57,"<a data-component=""link"" data-ordinal=""57"" data-source=""inlineLink"" data-type=""internalLink"" href=""http://jobsearch.about.com/od/job-title-samples/fl/restaurant-job-titles.htm"">Restaurant</a>",Restaurant,http://jobsearch.about.com/od/job-title-samples/fl/restaurant-job-titles.htm,Analyst Apprentice Area Assistant Associate Baker Bakery Bar Barback Barista Bartender Beverage Brand Bus Cafe Cashier Casual Chef Coffee Communications Cook Creative Culinary Dessert Development Digital Dining Director Dishwasher District Executive Expeditor Expresso Facilities Field Fine Finisher Food Front General Grill Hibachi Host Human Inventory Kitchen Lead Line Maker Manager Marketing National Operations Pantry Person Prep Product Recruiting Regional Research Resources Restaurant Room Runner Server Services Shift Sous Specialist Steward Supervisor Tasting Trainee Training Worker and of
58,58,"<a data-component=""link"" data-ordinal=""58"" data-source=""inlineLink"" data-type=""internalLink"" href=""http://jobsearch.about.com/od/job-title-samples/fl/retail-job-titles.htm"">Retail</a>",Retail,http://jobsearch.about.com/od/job-title-samples/fl/retail-job-titles.htm,Administration Allocation Analyst Apparel Area Art Assistant Associate Associate/Photographer Associates Automotive Banker Bilingual Branch Buyer Cashiers Clothing Communications Consultant Coordinator Copywriter Cosmetics Counter Customer Delivery Delivery/Bulk Department Designer Development Director Display District Divisional Editor Executive Fashion Floor Food Footwear General Girls Global Graphic Handler Image In Junior Leader Leadership Logistics Loss Management Manager Manger Marketing Material Meat Merchandise Merchandiser Paint Parts Person Personal Planner Planning Prevention Processes Procurement Product Program Promotions Regional Representative Retail Sales Senior Service Specialist Stock Store Strategy Supervisor Team Trainee Visual Warehouse Wine and of
59,59,"<a data-component=""link"" data-ordinal=""59"" data-source=""inlineLink"" data-type=""internalLink"" href=""http://jobsearch.about.com/od/job-title-samples/fl/sales-job-titles.htm"">Sales</a>",Sales,http://jobsearch.about.com/od/job-title-samples/fl/sales-job-titles.htm,Account Accounts Advertising Advisor Ambassador Analyst Area Assistant Associate Automotive B2B Brand Business Care Channel Community Coordinator Corporate Customer Dealer Development Direct Director Distribution District Enterprise Equipment Events Executive Finance Financial Fixed Franchise General Group Healthcare Income Industrial Industry Inside Insurance Investments Key Lead Leasing Major Management Manager Market Marketing Medical Medium National Operation Outside Partner Planner Planning President Recruiter Regional Representative Resources Retail Route Sales Salesperson Small Specialist Specialty Store Strategic Territory Trainee Vice Wealth Wholesale and of
60,60,"<a data-component=""link"" data-ordinal=""60"" data-source=""inlineLink"" data-type=""internalLink"" href=""http://jobsearch.about.com/od/job-title-samples/fl/high-school-middle-school-job-titles.htm"">School</a>",School,http://jobsearch.about.com/od/job-title-samples/fl/high-school-middle-school-job-titles.htm,Academic Administrator Admissions Aide American Analyst Art Assessment Assistance Assistant Athletic Autism/Behavior Behavior Bilingual Bus Business Career Chief Choral Coach College Communication Community Compliance Computer Consumer Coordinator Counselor Curriculum Custodian Director Disabilities Driver ESL Education Educational Equity Family Food Guidance Health/Physical Human Industrial Instruction Instrumental Integrated Involvement Language Learning Librarian Life Math Music Nurse Occupational Parent Pathologist Pathways Principal Programs Psychologist Recruiter Relations Resource Resources Room STEM School Science Service Sign Skills Social Special Specialist Speech Student Studies Substitute Success Superintendent Supervisor Teacher Teacher/Consultant Teachers Technology Therapist Vice Worker and language of
61,61,"<a data-component=""link"" data-ordinal=""61"" data-source=""inlineLink"" data-type=""internalLink"" href=""http://jobsearch.about.com/od/job-title-samples/a/science-job-titles.htm"">Science</a>",Science,http://jobsearch.about.com/od/job-title-samples/a/science-job-titles.htm,Access Accounting Affairs Analysis Analyst Analytical Artist Assistant Associate Assurance Business Chemical Chemist Clerk Climate Clinical Compliance Computer Computing Conservation Consultant Control Coordinator Counselor Data Designer Developer Development Director Drug Emergencies Engineer Engineering Environmental Evaluator Exploration Field Financial Genetic Grants/Proposal Groundwater Hardware Health Hospital IT Innovation Inspector Institutional Instructor Insurance Intranet Junior Lab Laboratory Leader Management Manager Market Marketing Medical Operations Organic Pharmaceutical Pharmacy Physics Planner Power Process Product Production Professional Programmer Programs Project Projects Quality Regulator Rehabilitation Reimbursement Representative Research Researcher Retail Sales Satellite Science Scientific Section Senior Services Software Solid Special Specialist Staff Statistician Structural Student Supervisor Support System Systems Team Technical Technician Technologist Technology Test Tester Therapeutic Total Transportation Unit Waste Worker Writer and
62,62,"<a data-component=""link"" data-ordinal=""62"" data-source=""inlineLink"" data-type=""internalLink"" href=""http://jobsearch.about.com/od/skiandsnowjobs/a/skijob2_2.htm"">Ski and Snow Jobs</a>",nan,http://jobsearch.about.com/od/skiandsnowjobs/a/skijob2_2.htm,nan
63,63,"<a data-component=""link"" data-ordinal=""63"" data-source=""inlineLink"" data-type=""internalLink"" href=""http://jobsearch.about.com/od/job-title-samples/a/social-media-job-titles.htm"">Social Media</a>",Social Media,http://jobsearch.about.com/od/job-title-samples/a/social-media-job-titles.htm,Account Ambassador Analyst Assistant Associate Blogger Brand Communications Community Content Coordinator Designer Digital Director Editor Engagement Executive Interactive Internet Manager Marketing Media Multi Online Planning Producer Professional Relations Social Specialist Strategist Strategy Supervisor and of
64,64,"<a data-component=""link"" data-ordinal=""64"" data-source=""inlineLink"" data-type=""internalLink"" href=""http://jobsearch.about.com/od/job-title-samples/a/social-work-job-titles.htm"">Social Work</a>",Social Work,http://jobsearch.about.com/od/job-title-samples/a/social-work-job-titles.htm,. Administrator Adolescent Adoption Advocacy Advocate Affairs Aide Analyst Assistance Assistant Budget Care Case Child Childrens Client Coach Communications Community Coordinator Coordinator/Manager Correctional Corrections Counselor Crisis Delinquency Director Employee Events External Family Forensic Foster Gerontology Government Guidance HIV Health Home Human Information Job Life Management Manager Membership Mental Monitor Negotiator Nursing Officer Outpatient Outreach Parole Planner Planning Policy Preservation Prevention Probation Professional Program Psychiatric Psychological Public Referral Relations Representative Research Senior Service Services Skills Social Specialist Supervisor Support Therapist Treatment Unit Work Worker Youth aide and of
65,65,"<a data-component=""link"" data-ordinal=""65"" data-source=""inlineLink"" data-type=""internalLink"" href=""http://jobsearch.about.com/od/job-title-samples/fl/sports-job-titles.htm"">Sports</a>",Sports,http://jobsearch.about.com/od/job-title-samples/fl/sports-job-titles.htm,Academic Account Activities Adviser Agent Analyst Aquatics Assistant Associate Athletic Athletics Attendant Broadcaster Camp Coach Color Community Conditioning Coordinator Corporate Counselor Defensive Desk Director Equipment Event Executive Facilities Fitness Front General Golf Goods Groundskeeper Group Information Instructor Intramural Lawyer Maintenance Manager Marketing Medicine Memberships Offensive Officer Official Performance Personal Physical Physician Practice Pro Producer Public Publicist Referee Relations Sales Salesperson Scout Secretary Site Skating Ski Specialist Sporting Sports Store Strength Teacher Team Tennis Therapist Trainer Travel Umpire Wellness Worker Yoga and for of
66,66,"<a data-component=""link"" data-ordinal=""66"" data-source=""inlineLink"" data-type=""internalLink"" href=""http://jobsearch.about.com/od/job-title-samples/fl/television-job-titles.htm"">Television</a>",Television,http://jobsearch.about.com/od/job-title-samples/fl/television-job-titles.htm,Advertising Anchor Appointment Assignment Assistant Associate Automation Bilingual Boom Brand Broadcast Business Buyer Cable Casting Chief Commercial Content Control Coordinator Costume Creative Design Designer Designers Development Digital Director Editor Engineer Entertainment Feature Film General Graphic Hair Healthcare Host/Hostess Inside Installation Intern Internship Investigative Journalist Line Listing Maintenance Make Manager Master Media Meteorologist Multimedia Music News Operator Outside Photojournalist Planner Political President Producer Production Products Program Programming Promotions Publicity Receptionist Reporter Representative Research Researcher Retention Sales Salesperson Screener Screenwriter Segment Senior Services Set Setter Solutions Specialist Sports Station Story Studio Supervisor Technicians Television Up Vice Video Weather Web and of to
67,67,"<a data-component=""link"" data-ordinal=""67"" data-source=""inlineLink"" data-type=""internalLink"" href=""http://jobsearch.about.com/od/job-title-samples/fl/trades-job-titles.htm"">Trades</a>",Trades,http://jobsearch.about.com/od/job-title-samples/fl/trades-job-titles.htm,Alarm Audio Auto Automotive Body Boilermaker Bricklayer Builder Building Carpenter Concrete Countertop Crane Detailer Die Dozer Driller Driver Drywaller Electric Electrician Electronic End Equipment Erector Erectors Estimator Fabricator Fiberglass/Carbon Field Finisher Forklift Form Framer Front Gas Glazier Grinder HVAC Handler Hardware Heavy Installation Installer Installers Insulator Iron Lead Lineman Load Machine Machinist Maintenance Manual Marine Material Mechanic Metal Millwright Oil Operator Patio Pipefitter Plumber Power Press Pump Punch Rebar Refrigeration Roofer Room Services Setter Sheet Shipfitter Solar Steel Stud Sunroom Surveyor Technician Tile Tool Tradesman Visual Water Welder Well Worker and
68,68,"<a data-component=""link"" data-ordinal=""68"" data-source=""inlineLink"" data-type=""internalLink"" href=""http://jobsearch.about.com/od/job-title-samples/a/transportation-job-titles.htm"">Transportation</a>",Transportation,http://jobsearch.about.com/od/job-title-samples/a/transportation-job-titles.htm,Air Aircraft Airport Analyst Brake Bus Captain Car Cargo Center Chauffeur Clerk Collectors Conductor Control Controllers Coordinator Crew Deck Deckhand Director Dispatcher Distribution Driver Driver/Sales Engineer Equipment Estimating Executive Expeditor Fleet Flight Fork Handler Handling Helicopter Import/Export Industrial Inspector Instructor Inventory Jobs Lift Locomotive Logistics Manager Marine Mariner Material Materials Membe Member Merchant Motor Motorboat Officer Oiler Operations Operator Packaging Pilot Planner Production Public Race Rail Railroad Receiving Recyclable Refuse Repairer Representative Sailor Scheduler Shipping Shuttle Specialist Streetcar Subway Supervisor Taxi Top Tractor Traffic Traffic/Rate Train Transportation Travel Truck Van Worker Workers Yard Yardmaster and
69,69,"<a data-component=""link"" data-ordinal=""69"" data-source=""inlineLink"" data-type=""internalLink"" href=""http://jobsearch.about.com/od/job-title-samples/fl/travel-job-titles.htm"">Travel</a>",Travel,http://jobsearch.about.com/od/job-title-samples/fl/travel-job-titles.htm,Account Admissions Agent Airline Archaeologist Associate Athletic Attendant Bike Bus Cabin Civil Commercial Concierge Conference Consultant Contractor Coordinator Corporate Crew Destination Development Driver Education Educational Engineer English Event Events Field First Flight Foreign Freelance General Geologist Global Group Guest Guide Hunting International Journalism Language Management Manager Officer Photographer Pilot Planner Producer Recruiter Representative Sales Scout Second Service Services Specialist Stewardess Superintendent Teacher Tour Travel Traveling Wedding Writer Yacht a as
71,71,"<a data-component=""link"" data-ordinal=""71"" data-source=""inlineLink"" data-type=""internalLink"" href=""http://jobsearch.about.com/od/list/fl/list-of-skills-resume.htm"">List of Skills for Jobs</a>",nan,http://jobsearch.about.com/od/list/fl/list-of-skills-resume.htm,
72,72,"<a data-component=""link"" data-ordinal=""72"" data-source=""inlineLink"" data-type=""internalLink"" href=""http://jobsearch.about.com/od/salaryinformatio1/a/salary-list.htm"">Salaries for Jobs: A - Z List</a>",nan,http://jobsearch.about.com/od/salaryinformatio1/a/salary-list.htm,
73,73,"<a data-component=""link"" data-ordinal=""73"" data-source=""inlineLink"" data-type=""internalLink"" href=""http://jobsearch.about.com/od/job-titles/a/job-titles.htm"">Job Titles</a>",nan,http://jobsearch.about.com/od/job-titles/a/job-titles.htm,
74,74,"<a data-component=""link"" data-ordinal=""74"" data-source=""inlineLink"" data-type=""internalLink"" href=""http://jobsearch.about.com/od/job-title-samples/sample-job-titles.htm"">Job Title Samples</a>",nan,http://jobsearch.about.com/od/job-title-samples/sample-job-titles.htm,
